time/episodes,train/critic_loss,time/fps,time/total_timesteps,rollout/ep_rew_mean,time/time_elapsed,train/learning_rate,rollout/ep_len_mean,train/actor_loss,train/n_updates
16250,11.952032089233398,37,707863,211.27518646000004,8,0.0001,71.09,-56.36922073364258,697862
16260,10.624970436096191,37,708323,200.05993607,20,0.0001,68.21,-50.897491455078125,698322
16270,12.032251358032227,36,708749,188.45303639000002,32,0.0001,65.45,-45.048439025878906,698748
16280,10.370906829833984,35,709261,179.34242888,48,0.0001,62.97,-50.094444274902344,699260
16290,10.077570915222168,35,709823,168.62141977,63,0.0001,59.86,-48.344547271728516,699822
16300,10.395881652832031,36,710410,165.05918631,79,0.0001,59.05,-51.88776397705078,700409
16310,11.062379837036133,36,710967,152.67980641999998,94,0.0001,55.77,-55.158809661865234,700966
16320,16.656728744506836,36,711595,149.23036516,111,0.0001,55.27,-54.71009826660156,701594
16330,14.570782661437988,36,712184,144.66727895999998,126,0.0001,53.88,-58.69496536254883,702183
16340,11.96487045288086,36,712758,141.84705691000002,141,0.0001,52.76,-62.58552169799805,702757
16350,13.424415588378906,36,713417,152.35820902000003,159,0.0001,55.54,-57.684486389160156,703416
16360,13.991174697875977,37,714089,161.01878294,176,0.0001,57.66,-63.7702522277832,704088
16370,13.244128227233887,37,714712,170.44854933999994,192,0.0001,59.63,-62.15335464477539,704711
16380,14.037572860717773,37,715292,172.46909206,207,0.0001,60.31,-63.68449020385742,705291
16390,14.023824691772461,37,715966,175.47549931,225,0.0001,61.43,-63.070762634277344,705965
16400,15.215971946716309,37,716553,173.58754261,240,0.0001,61.43,-63.721012115478516,706552
16410,16.23203468322754,37,717043,173.12975899000006,253,0.0001,60.76,-64.71031188964844,707042
16420,17.14874839782715,37,717593,171.89034317999997,267,0.0001,59.98,-65.80049896240234,707592
16430,17.225534439086914,37,718187,172.19667974999993,283,0.0001,60.03,-66.83061981201172,708186
16440,21.68655014038086,37,718684,167.63670049999996,296,0.0001,59.26,-61.60700607299805,708683
16450,24.80925750732422,37,719236,161.6022235,310,0.0001,58.19,-67.52320098876953,709235
16460,18.844524383544922,37,719811,158.08426784000002,326,0.0001,57.22,-70.90039825439453,709810
16470,24.958885192871094,37,720363,156.01928336999998,340,0.0001,56.51,-65.66320037841797,710362
16480,24.089740753173828,37,721019,160.32902056,357,0.0001,57.27,-71.70166015625,711018
16490,19.752172470092773,37,721660,158.22183585000002,374,0.0001,56.94,-67.21790313720703,711659
16500,25.207386016845703,37,722214,157.83690671,388,0.0001,56.61,-72.6899642944336,712213
16510,24.641895294189453,37,722759,159.7029662,403,0.0001,57.16,-75.81369018554688,712758
16520,23.338911056518555,37,723363,161.27452043000002,418,0.0001,57.7,-61.906463623046875,713362
16530,25.661888122558594,37,723908,159.27766562,433,0.0001,57.21,-64.89836883544922,713907
16540,20.972064971923828,37,724594,163.5513451,450,0.0001,59.1,-70.468994140625,714593
16550,22.519771575927734,37,725167,165.36727953,466,0.0001,59.31,-65.04338836669922,715166
16560,22.242446899414062,37,725732,164.03624703000003,480,0.0001,59.21,-76.59224700927734,715731
16570,24.479598999023438,37,726334,163.29022781,497,0.0001,59.71,-72.28649139404297,716333
16580,21.185317993164062,37,727050,164.67016076999997,518,0.0001,60.31,-74.85236358642578,717049
16590,35.450439453125,37,727772,169.77720513000003,538,0.0001,61.12,-72.58904266357422,717771
16600,24.64063835144043,37,728479,174.37606075,557,0.0001,62.65,-70.91734313964844,718478
16610,27.41667938232422,37,729149,177.82244103000005,575,0.0001,63.9,-70.29515075683594,719148
16620,24.968769073486328,37,729621,174.37425671000005,588,0.0001,62.58,-68.29143524169922,719620
16630,29.89894676208496,37,730201,176.91839665999998,606,0.0001,62.93,-73.37083435058594,720200
16640,24.503475189208984,37,730765,174.84125462000003,621,0.0001,61.71,-73.0352783203125,720764
16650,28.65938377380371,37,731208,170.82272727000003,633,0.0001,60.41,-74.89627838134766,721207
16660,31.453414916992188,37,731632,166.65700638999996,645,0.0001,59.0,-70.05243682861328,721631
16670,34.69434356689453,37,732189,165.00895982999995,660,0.0001,58.55,-68.76205444335938,722188
16680,33.71239471435547,37,732752,159.18209558,675,0.0001,57.02,-67.34107208251953,722751
16690,31.08273696899414,37,733363,153.38652966,692,0.0001,55.91,-74.82485961914062,723362
16700,30.116262435913086,37,733874,147.31871977000003,705,0.0001,53.95,-73.06158447265625,723873
16710,32.79308319091797,37,734476,144.98113432,721,0.0001,53.27,-70.64213562011719,724475
16720,31.325529098510742,37,735065,148.28320087999998,736,0.0001,54.44,-69.61238861083984,725064
16730,33.325279235839844,37,735527,142.37419322000002,748,0.0001,53.26,-68.70195770263672,725526
16740,33.55466079711914,37,736072,140.24542709000002,762,0.0001,53.07,-68.17243957519531,726071
16750,30.113689422607422,37,736763,147.90680701000002,780,0.0001,55.55,-67.3662109375,726762
16760,40.1755485534668,37,737326,152.26215091000003,795,0.0001,56.94,-74.80431365966797,727325
16770,26.779537200927734,37,737975,154.58990372999997,812,0.0001,57.86,-67.54299926757812,727974
16780,32.05970001220703,37,738636,158.93543477,829,0.0001,58.84,-67.77195739746094,728635
16790,33.470909118652344,37,739340,161.69137109,847,0.0001,59.77,-67.84477233886719,729339
16800,34.367713928222656,37,740002,167.86730147999998,864,0.0001,61.28,-68.79293823242188,730001
16810,32.698455810546875,37,740553,166.54910413000002,878,0.0001,60.77,-73.18655395507812,730552
16820,35.94504165649414,37,741079,164.73651927,892,0.0001,60.14,-72.11146545410156,731078
16830,41.400657653808594,37,741655,171.08331596000005,906,0.0001,61.28,-71.5711441040039,731654
16840,33.66178894042969,37,742379,180.52045190999996,925,0.0001,63.07,-75.69297790527344,732378
16850,43.08717346191406,37,743001,178.09630359000002,941,0.0001,62.38,-66.72785949707031,733000
16860,36.69599533081055,37,743565,178.81096271,956,0.0001,62.39,-64.16482543945312,733564
16870,38.453041076660156,37,744187,179.13562197,972,0.0001,62.12,-74.92304229736328,734186
16880,38.28788757324219,37,744886,180.17553603,990,0.0001,62.5,-68.29053497314453,734885
16890,43.16752624511719,37,745488,177.58348854000005,1006,0.0001,61.48,-68.42587280273438,735487
16900,31.294429779052734,37,746059,175.05733407000002,1020,0.0001,60.57,-75.14559173583984,736058
16910,35.18238067626953,37,746734,179.01700842,1037,0.0001,61.81,-70.81969451904297,736733
16920,35.93145751953125,37,747382,183.94351020000002,1054,0.0001,63.03,-72.56161499023438,737381
16930,34.63014221191406,37,748009,187.24318107999997,1070,0.0001,63.54,-71.81656646728516,738008
16940,37.79902648925781,37,748600,181.37533399,1085,0.0001,62.21,-73.72441864013672,738599
16950,37.39691925048828,37,749309,182.55456496,1103,0.0001,63.08,-72.11195373535156,739308
16960,42.009002685546875,37,749939,185.92518012,1119,0.0001,63.74,-77.52095794677734,739938
16970,38.20086669921875,37,750494,184.43619463,1133,0.0001,63.07,-72.46553802490234,740493
16980,45.028038024902344,37,751016,178.60527978,1146,0.0001,61.3,-75.7381591796875,741015
16990,47.68111038208008,37,751726,182.94970181,1165,0.0001,62.38,-75.13212585449219,741725
17000,38.16875076293945,37,752331,184.1989342,1180,0.0001,62.72,-69.86680603027344,742330
17010,40.0003547668457,37,752890,179.35874139,1195,0.0001,61.56,-71.09718322753906,742889
17020,41.561058044433594,37,753276,170.18746880000003,1205,0.0001,58.94,-68.94051361083984,743275
17030,49.715431213378906,37,753710,161.27619263999998,1216,0.0001,57.01,-67.80233001708984,743709
17040,41.3004035949707,37,754198,157.08095646,1228,0.0001,55.98,-68.74675750732422,744197
17050,46.9573974609375,37,754787,153.90907186,1243,0.0001,54.78,-73.84127044677734,744786
17060,33.729339599609375,37,755258,147.60471649,1255,0.0001,53.19,-72.89859008789062,745257
17070,47.03142547607422,37,755837,148.51581706000002,1271,0.0001,53.43,-69.87303161621094,745836
17080,38.76286315917969,38,756401,150.47762783,1285,0.0001,53.85,-66.0077133178711,746400
17090,44.82076644897461,38,756873,142.90655106,1297,0.0001,51.47,-65.616455078125,746872
17100,36.94058609008789,38,757404,138.79379914999998,1311,0.0001,50.73,-63.51144027709961,747403
17110,38.883148193359375,38,757951,140.05603349,1325,0.0001,50.61,-68.26570129394531,747950
17120,44.63304138183594,38,758332,138.46160847,1335,0.0001,50.56,-71.60043334960938,748331
17130,49.679256439208984,38,758896,142.00648413000002,1350,0.0001,51.86,-72.17578887939453,748895
17140,41.091033935546875,38,759413,142.99487067,1364,0.0001,52.15,-71.60546112060547,749412
17150,40.725791931152344,38,759902,141.03371861,1377,0.0001,51.15,-69.0643310546875,749901
17160,40.767791748046875,38,760563,146.02322885,1394,0.0001,53.05,-73.22724151611328,750562
17170,36.63066864013672,38,761203,148.01914453,1410,0.0001,53.66,-68.22483825683594,751202
17180,54.45703887939453,38,761872,151.03601064,1427,0.0001,54.71,-64.30081176757812,751871
17190,41.203758239746094,38,762519,155.81282701,1444,0.0001,56.46,-69.88665771484375,752518
17200,49.662315368652344,38,763103,157.26202981,1459,0.0001,56.99,-67.57810974121094,753102
17210,40.787818908691406,38,763706,159.30848074999997,1475,0.0001,57.55,-75.02349853515625,753705
17220,34.91657638549805,38,764306,168.39017462000004,1490,0.0001,59.74,-70.33076477050781,754305
17230,52.279823303222656,38,765014,172.71388222000002,1508,0.0001,61.18,-68.23692321777344,755013
17240,36.040523529052734,38,765679,177.55751752,1526,0.0001,62.66,-66.90461730957031,755678
17250,41.57810974121094,38,766296,181.79875846999997,1541,0.0001,63.94,-68.86881256103516,756295
17260,39.46849060058594,38,766872,179.70344614,1556,0.0001,63.09,-66.68644714355469,756871
17270,42.27301788330078,38,767564,180.31102836999997,1574,0.0001,63.61,-67.81229400634766,757563
17280,42.29289627075195,38,768248,180.53144781999995,1591,0.0001,63.76,-61.721580505371094,758247
17290,41.294349670410156,38,768890,180.2031732,1608,0.0001,63.71,-67.16392517089844,758889
17300,43.0972785949707,38,769565,185.12164034000006,1625,0.0001,64.62,-63.58540344238281,759564
17310,40.26103210449219,38,770159,184.66706152999998,1641,0.0001,64.53,-60.81287384033203,760158
17320,42.35325622558594,38,770748,182.85904965999998,1656,0.0001,64.42,-70.55567169189453,760747
17330,35.65442657470703,38,771393,181.2115143,1673,0.0001,63.79,-67.59669494628906,761392
17340,38.268646240234375,38,772018,180.6416567,1689,0.0001,63.39,-61.97992706298828,762017
17350,44.86922836303711,38,772726,183.03554545000006,1707,0.0001,64.3,-63.88475799560547,762725
17360,41.44527816772461,38,773326,183.83450962000003,1723,0.0001,64.54,-65.7998046875,763325
17370,38.290130615234375,38,773941,182.39824843999997,1738,0.0001,63.77,-62.123756408691406,763940
17380,41.38477325439453,38,774472,177.12118605999996,1752,0.0001,62.24,-63.09413528442383,764471
17390,45.503684997558594,38,775117,178.57245017000002,1769,0.0001,62.27,-70.98027801513672,765116
17400,45.325294494628906,38,775670,174.3706463,1783,0.0001,61.05,-63.02574157714844,765669
17410,43.010581970214844,38,776378,178.50107992000002,1802,0.0001,62.19,-64.30732727050781,766377
17420,44.23651885986328,38,776984,181.20633194,1817,0.0001,62.36,-64.88523864746094,766983
17430,46.43148422241211,38,777615,181.50120832000002,1834,0.0001,62.22,-72.0559310913086,767614
17440,32.22338104248047,38,778192,179.38320802,1849,0.0001,61.74,-70.56553649902344,768191
17450,37.041282653808594,38,778769,175.170059,1864,0.0001,60.43,-66.30345916748047,768768
17460,47.49100112915039,38,779354,174.76832524000002,1880,0.0001,60.28,-62.75614929199219,769353
17470,35.683433532714844,38,780015,176.7029329,1897,0.0001,60.74,-63.823551177978516,770014
17480,39.07976531982422,38,780601,179.86452139000005,1912,0.0001,61.29,-60.13498306274414,770600
17490,38.702850341796875,38,781112,175.31647187,1925,0.0001,59.95,-60.90828323364258,771111
17500,48.0644645690918,38,781702,176.19644819,1940,0.0001,60.32,-64.73860168457031,771701
17510,41.79320526123047,38,782522,179.38733918999995,1962,0.0001,61.44,-63.08511734008789,772521
17520,39.1792106628418,38,783184,179.87682526,1980,0.0001,62.0,-64.24705505371094,773183
17530,45.38618469238281,38,783838,179.28984282000002,1997,0.0001,62.23,-63.42961502075195,773837
17540,32.308109283447266,38,784505,183.78548265999999,2014,0.0001,63.13,-62.429779052734375,774504
17550,43.94196319580078,38,785141,188.26683783000001,2030,0.0001,63.72,-63.40912628173828,775140
17560,40.38109588623047,38,785921,194.07071509999997,2050,0.0001,65.67,-59.65195846557617,775920
17570,43.32201385498047,38,786587,193.35235853999998,2067,0.0001,65.72,-60.94910430908203,776586
17580,36.917091369628906,38,787241,194.54552730000003,2084,0.0001,66.4,-62.631935119628906,777240
17590,46.72747039794922,38,787846,198.06986011,2099,0.0001,67.34,-63.765987396240234,777845
17600,42.582420349121094,38,788487,199.56542133,2116,0.0001,67.85,-63.703086853027344,778486
17610,44.413047790527344,38,789219,198.19688042999994,2134,0.0001,66.97,-65.95442962646484,779218
17620,44.963653564453125,38,789778,195.54895525,2149,0.0001,65.94,-60.924224853515625,779777
17630,38.33293151855469,38,790504,198.47230645000002,2168,0.0001,66.66,-55.32939529418945,780503
17640,39.32365417480469,38,791115,196.5287051,2184,0.0001,66.1,-69.15550231933594,781114
17650,42.56159973144531,38,791814,198.18656564,2202,0.0001,66.73,-60.69036865234375,781813
17660,31.726375579833984,38,792526,196.12081105000001,2220,0.0001,66.05,-62.29016876220703,782525
17670,36.49022674560547,38,793190,197.25336853000002,2237,0.0001,66.03,-62.80424880981445,783189
17680,33.595489501953125,38,793948,201.21834352999994,2257,0.0001,67.07,-62.72829055786133,783947
17690,38.68792724609375,38,794774,206.37833209999994,2278,0.0001,69.28,-58.13806915283203,784773
17700,35.882904052734375,38,795513,209.46402891000002,2297,0.0001,70.26,-59.543190002441406,785512
17710,36.03607177734375,38,796190,205.24578268000005,2314,0.0001,69.71,-61.72621536254883,786189
17720,44.7598991394043,38,796808,206.76187568999998,2330,0.0001,70.3,-58.43559265136719,786807
17730,32.92498779296875,38,797530,207.32311064,2349,0.0001,70.26,-61.32830047607422,787529
17740,36.30110168457031,38,798318,210.59111228999998,2369,0.0001,72.03,-60.50175476074219,788317
17750,35.926597595214844,38,798986,209.50373411999996,2387,0.0001,71.72,-65.22100067138672,788985
17760,32.623985290527344,38,799782,212.97569903000004,2407,0.0001,72.56,-60.858985900878906,789781
17770,34.73844909667969,38,800394,208.31616208999995,2423,0.0001,72.04,-59.90016174316406,790393
17780,36.313758850097656,38,801131,206.58469788,2442,0.0001,71.83,-62.5290641784668,791130
17790,39.456485748291016,38,801854,205.88440255999998,2461,0.0001,70.8,-64.70536041259766,791853
17800,42.49790954589844,38,802556,205.37768987000004,2479,0.0001,70.43,-59.15478515625,792555
17810,35.515106201171875,38,803253,207.38976548000002,2497,0.0001,70.63,-61.93474578857422,793252
17820,34.339210510253906,38,803890,207.45470767999998,2514,0.0001,70.82,-54.7022705078125,793889
17830,30.745250701904297,38,804485,202.48227229999998,2529,0.0001,69.55,-59.21472930908203,794484
17840,37.46138000488281,38,805147,200.24568506,2546,0.0001,68.29,-59.631832122802734,795146
17850,36.13665008544922,38,805789,200.15445425,2563,0.0001,68.03,-61.3734016418457,795788
17860,38.97248077392578,38,806545,198.26955187,2582,0.0001,67.63,-60.12586975097656,796544
17870,34.310508728027344,38,807135,199.56416662,2598,0.0001,67.41,-57.728939056396484,797134
17880,34.430931091308594,38,807798,198.17340219999997,2615,0.0001,66.67,-61.25804138183594,797797
17890,34.27707290649414,38,808642,201.46148662999997,2637,0.0001,67.88,-60.232032775878906,798641
17900,32.89192199707031,38,809345,201.16557229999998,2655,0.0001,67.89,-59.59782028198242,799344
17910,32.24093246459961,38,810022,201.43973631000006,2672,0.0001,67.69,-57.656681060791016,800021
17920,36.68583679199219,38,810774,205.26219992000003,2692,0.0001,68.84,-63.02073669433594,800773
17930,36.42216491699219,38,811480,209.7338319,2710,0.0001,69.95,-63.46319580078125,801479
17940,31.848697662353516,38,812059,207.01761535000003,2725,0.0001,69.12,-61.498985290527344,802058
17950,37.22515106201172,38,812709,206.24863519,2741,0.0001,69.2,-61.64888381958008,802708
17960,39.8201789855957,38,813303,201.70388330000003,2756,0.0001,67.58,-56.7570686340332,803302
17970,31.37347412109375,38,813943,202.11191171,2773,0.0001,68.08,-63.093360900878906,803942
17980,32.302040100097656,38,814605,199.77439268,2790,0.0001,68.07,-62.123897552490234,804604
17990,31.873289108276367,38,815314,193.65438558000002,2808,0.0001,66.72,-57.68919372558594,805313
18000,38.74997329711914,38,815879,187.61693224,2823,0.0001,65.34,-58.044334411621094,805878
18010,33.21855163574219,38,816489,183.81648307,2839,0.0001,64.67,-60.92866134643555,806488
18020,32.88395690917969,38,817131,180.10900617,2856,0.0001,63.57,-57.70808792114258,807130
18030,36.68463897705078,38,817779,177.65536796999996,2872,0.0001,62.99,-63.45203399658203,807778
18040,37.44682312011719,38,818368,179.06947805,2888,0.0001,63.09,-64.79496002197266,808367
18050,31.933151245117188,38,818828,174.14390894000005,2899,0.0001,61.19,-64.78427124023438,808827
18060,36.85542297363281,38,819303,170.35600760999998,2912,0.0001,60.0,-62.346614837646484,809302
18070,38.68302917480469,38,819922,171.10192450999995,2928,0.0001,59.79,-55.634437561035156,809921
18080,35.494544982910156,38,820727,178.17301888999998,2949,0.0001,61.22,-66.7082748413086,810726
18090,42.032833099365234,38,821487,180.62558565,2968,0.0001,61.73,-60.7581901550293,811486
18100,38.17938995361328,38,822330,191.52646709,2990,0.0001,64.51,-55.729209899902344,812329
18110,39.89643478393555,38,823135,198.43008094999996,3011,0.0001,66.46,-67.7232437133789,813134
18120,36.78123474121094,38,823853,202.46053283,3029,0.0001,67.22,-57.08578109741211,813852
18130,34.052555084228516,38,824612,204.28686151999995,3049,0.0001,68.33,-62.83686828613281,814611
18140,40.47876739501953,38,825406,208.0174786,3069,0.0001,70.38,-61.48694610595703,815405
18150,39.41487121582031,38,826099,213.80269644999996,3087,0.0001,72.71,-59.8828125,816098
18160,37.515113830566406,38,826876,224.08727943999997,3107,0.0001,75.73,-56.33800506591797,816875
18170,34.100467681884766,38,827613,227.96360445999994,3125,0.0001,76.91,-62.22287368774414,817612
18180,31.99178695678711,38,828304,224.70715999,3143,0.0001,75.77,-59.17470932006836,818303
18190,27.479671478271484,38,829049,224.31044405,3162,0.0001,75.62,-54.749961853027344,819048
18200,35.989471435546875,38,829696,216.64183424000004,3179,0.0001,73.66,-60.845096588134766,819695
18210,33.102996826171875,38,830384,212.49806667000001,3196,0.0001,72.49,-67.2521743774414,820383
18220,42.728092193603516,38,831208,214.71096352,3217,0.0001,73.55,-64.12564849853516,821207
18230,39.693031311035156,38,831945,216.07833471999996,3236,0.0001,73.33,-60.229881286621094,821944
18240,41.41484069824219,38,832683,216.704654,3255,0.0001,72.77,-56.73880386352539,822682
18250,32.520782470703125,38,833358,215.46354729000004,3272,0.0001,72.59,-65.05795288085938,823357
18260,45.277687072753906,38,834062,212.67106869000003,3290,0.0001,71.86,-64.286865234375,824061
18270,39.2249755859375,38,834798,213.20152033,3309,0.0001,71.85,-60.279109954833984,824797
18280,30.825416564941406,38,835595,216.12723004999995,3329,0.0001,72.91,-57.07185363769531,825594
18290,37.90446472167969,38,836408,219.31751004,3350,0.0001,73.59,-63.01698303222656,826407
18300,41.42594909667969,38,837270,227.54727098,3374,0.0001,75.74,-61.074851989746094,827269
18310,37.40480041503906,38,838075,232.0126252,3396,0.0001,76.91,-61.71275329589844,828074
18320,41.45189666748047,38,838824,229.61726658999999,3413,0.0001,76.16,-63.9909782409668,828823
18330,35.047515869140625,38,839491,227.92479166,3428,0.0001,75.46,-56.69088363647461,829490
18340,32.476173400878906,38,840245,227.72084457,3446,0.0001,75.62,-55.82667541503906,830244
18350,38.240501403808594,38,840935,227.03041767000002,3462,0.0001,75.77,-64.52093505859375,830934
18360,42.64604949951172,38,841641,227.00965901,3481,0.0001,75.79,-58.32558822631836,831640
18370,33.291847229003906,38,842381,225.86786776,3501,0.0001,75.83,-59.499229431152344,832380
18380,33.74862289428711,38,843146,224.95594471000004,3521,0.0001,75.51,-62.07822036743164,833145
18390,37.28425598144531,38,843812,219.79700022,3539,0.0001,74.04,-60.766380310058594,833811
18400,43.09795379638672,38,844444,211.71339776000002,3556,0.0001,71.74,-63.544708251953125,834443
18410,39.10224151611328,38,845232,212.29625505000004,3577,0.0001,71.57,-61.22296142578125,835231
18420,39.05980682373047,38,846213,220.61675111999998,3603,0.0001,73.89,-60.80955505371094,836212
18430,35.200897216796875,38,846981,225.06463643000004,3624,0.0001,74.9,-62.270233154296875,836980
18440,41.93505096435547,38,847754,227.27577987999996,3645,0.0001,75.09,-58.13504409790039,837753
18450,32.04213333129883,38,848612,236.48362982000003,3668,0.0001,76.77,-63.848575592041016,838611
18460,35.895896911621094,38,849405,238.89835975000003,3690,0.0001,77.64,-62.218589782714844,839404
18470,35.76234817504883,38,850107,239.03501892999998,3708,0.0001,77.26,-61.1525764465332,840106
18480,31.246421813964844,38,850847,238.3153391,3728,0.0001,77.01,-60.1447868347168,840846
18490,33.188262939453125,38,851587,241.11295184999994,3748,0.0001,77.75,-58.351566314697266,841586
18500,42.915435791015625,38,852415,249.15326115000005,3771,0.0001,79.71,-61.726016998291016,842414
18510,40.085594177246094,38,853205,248.00986697999997,3792,0.0001,79.73,-62.87508773803711,843204
18520,45.12901306152344,38,853962,239.60587924,3812,0.0001,77.49,-57.24006652832031,843961
18530,31.373260498046875,38,854752,238.57636388999998,3834,0.0001,77.71,-65.9747085571289,844751
18540,33.13191223144531,38,855484,235.80529433,3853,0.0001,77.3,-59.39097595214844,845483
18550,33.257896423339844,38,856311,233.39084489,3876,0.0001,76.99,-61.350555419921875,846310
18560,30.444543838500977,38,857115,234.38106875999998,3897,0.0001,77.1,-63.827640533447266,847114
18570,32.325843811035156,38,857942,238.75076613999997,3919,0.0001,78.35,-65.73960876464844,847941
18580,37.616851806640625,38,858750,241.80220605,3941,0.0001,79.03,-65.70953369140625,848749
18590,39.577720642089844,38,859709,248.54761249999996,3967,0.0001,81.22,-59.29148864746094,849708
18600,37.46971130371094,38,860460,244.68186974,3987,0.0001,80.45,-60.640960693359375,850459
18610,41.65288543701172,38,861125,239.52491379,4005,0.0001,79.2,-54.99961471557617,851124
18620,36.18376922607422,38,861728,233.34631771000005,4021,0.0001,77.66,-64.03338623046875,851727
18630,42.88666534423828,38,862430,230.91522222,4039,0.0001,76.78,-60.03925323486328,852429
18640,41.9324836730957,38,863110,230.32267633,4058,0.0001,76.26,-60.99372100830078,853109
18650,39.44755554199219,38,863816,227.50379430000004,4077,0.0001,75.05,-64.1309585571289,853815
18660,39.96232604980469,38,864339,218.97118381999996,4091,0.0001,72.24,-62.156734466552734,854338
18670,42.24613952636719,38,864853,208.82714768000002,4106,0.0001,69.11,-58.54907989501953,854852
18680,31.803953170776367,38,865410,200.52487395999998,4121,0.0001,66.6,-56.96196746826172,855409
18690,35.7767333984375,38,866151,192.63314733999997,4141,0.0001,64.42,-57.853946685791016,856150
18700,38.08845901489258,38,866833,189.84161186,4160,0.0001,63.73,-56.43901824951172,856832
18710,40.84263229370117,38,867552,192.73042754000002,4179,0.0001,64.27,-62.741371154785156,857551
18720,40.58891296386719,38,868261,198.51447311000004,4198,0.0001,65.33,-61.26630401611328,858260
18730,42.212257385253906,38,869044,201.57290579999997,4219,0.0001,66.14,-60.728546142578125,859043
18740,41.52791976928711,38,869759,203.63836677,4239,0.0001,66.49,-60.37369918823242,859758
18750,40.386940002441406,38,870494,204.34969445000002,4259,0.0001,66.78,-63.30078125,860493
18760,39.588348388671875,38,871333,215.00905165000003,4282,0.0001,69.94,-62.191490173339844,861332
18770,38.206512451171875,38,872050,220.95921062999997,4303,0.0001,71.97,-55.39719009399414,862049
18780,37.39607238769531,38,872789,226.88039682,4325,0.0001,73.79,-60.91204833984375,862788
18790,37.9191780090332,38,873633,232.95683077,4349,0.0001,74.82,-60.04022216796875,863632
18800,29.33509635925293,38,874344,235.57347206999998,4368,0.0001,75.11,-65.05626678466797,864343
18810,41.83030700683594,38,875157,238.95083226000003,4392,0.0001,76.05,-66.28633880615234,865156
18820,46.72484588623047,38,875821,237.11837897,4410,0.0001,75.6,-64.94013977050781,865820
18830,37.0651969909668,38,876438,231.38004740000005,4427,0.0001,73.94,-66.18400573730469,866437
18840,38.932373046875,38,876856,220.40649573999997,4439,0.0001,70.97,-58.85516357421875,866855
18850,37.14788055419922,38,877282,210.67166740000005,4450,0.0001,67.88,-62.85076141357422,867281
18860,33.03245544433594,38,877995,206.56743255,4470,0.0001,66.62,-61.403038024902344,867994
18870,39.876007080078125,38,878632,202.8454504,4487,0.0001,65.82,-58.80453872680664,868631
18880,33.684322357177734,38,879292,199.84530809,4505,0.0001,65.03,-59.42811965942383,869291
18890,40.43162536621094,38,879962,193.30678617,4523,0.0001,63.29,-56.57441711425781,869961
18900,36.59803009033203,38,880667,193.04433997000004,4542,0.0001,63.23,-65.06585693359375,870666
18910,35.365989685058594,38,881438,192.32471542,4564,0.0001,62.81,-60.918601989746094,871437
18920,33.77718734741211,38,882199,197.21305924,4586,0.0001,63.78,-59.89262771606445,872198
18930,35.62004852294922,38,882961,202.24031216,4606,0.0001,65.23,-57.9571418762207,872960
18940,38.59844970703125,38,883770,215.05388599999998,4628,0.0001,69.14,-59.56664276123047,873769
18950,40.21818542480469,38,884567,224.89730470000003,4650,0.0001,72.85,-61.835716247558594,874566
18960,44.739166259765625,38,885347,226.71782991999996,4671,0.0001,73.52,-63.74647903442383,875346
18970,40.807586669921875,38,886117,232.13967896000005,4691,0.0001,74.85,-66.31690979003906,876116
18980,37.7154541015625,38,886961,238.38740310999998,4714,0.0001,76.69,-64.21234893798828,876960
18990,34.18926239013672,38,887751,243.02799721,4735,0.0001,77.89,-63.03831481933594,877750
19000,35.179039001464844,38,888651,249.57609675,4761,0.0001,79.84,-57.768287658691406,878650
19010,44.21107864379883,38,889482,250.6468213,4784,0.0001,80.44,-60.786346435546875,879481
19020,41.224945068359375,38,890269,249.78015909000004,4805,0.0001,80.7,-66.81747436523438,880268
19030,40.40660858154297,38,891087,251.01218377,4828,0.0001,81.26,-66.94100189208984,881086
19040,43.2470703125,38,891952,252.73494369000008,4851,0.0001,81.82,-59.77690124511719,881951
19050,39.27299499511719,38,892848,256.98690768000006,4876,0.0001,82.81,-60.66352081298828,882847
19060,40.178855895996094,37,893645,256.85927436000003,4897,0.0001,82.98,-63.03507614135742,883644
19070,29.19492530822754,37,894320,253.90985060000003,4916,0.0001,82.03,-61.08755111694336,884319
19080,41.564918518066406,37,895093,252.26617788,4937,0.0001,81.32,-62.578670501708984,885092
19090,35.408226013183594,37,895930,253.42858683999998,4959,0.0001,81.79,-63.915199279785156,885929
19100,35.497642517089844,37,896720,250.11510744000003,4981,0.0001,80.69,-64.9320297241211,886719
19110,39.12010955810547,37,897548,250.70782861000004,5003,0.0001,80.66,-59.1081428527832,887547
19120,39.46958923339844,37,898549,259.76340718000006,5030,0.0001,82.8,-62.27611541748047,888548
19130,37.17729949951172,37,899498,264.50126009,5056,0.0001,84.11,-65.9881591796875,889497
19140,35.77198791503906,37,900296,263.23419313,5076,0.0001,83.44,-58.92800521850586,890295
19150,48.2457275390625,37,901105,262.16553392000003,5098,0.0001,82.57,-59.90990447998047,891104
19160,32.46803283691406,37,901986,265.4144827,5121,0.0001,83.41,-60.577632904052734,891985
19170,35.97456359863281,37,902806,270.08132568,5143,0.0001,84.86,-58.02408218383789,892805
19180,40.16530990600586,37,903771,273.7281382,5170,0.0001,86.78,-66.53643798828125,893770
19190,41.62689208984375,37,904601,273.50503303,5192,0.0001,86.71,-64.861328125,894600
19200,39.6883544921875,37,905387,272.84460242,5213,0.0001,86.67,-61.9766731262207,895386
19210,36.717620849609375,37,906246,273.95275857,5236,0.0001,86.98,-65.9923324584961,896245
19220,39.90919494628906,37,907105,269.11926004000003,5259,0.0001,85.56,-68.2455825805664,897104
19230,36.58152770996094,37,908024,268.96937839,5284,0.0001,85.26,-57.80330276489258,898023
19240,36.771751403808594,37,908951,272.91780896,5309,0.0001,86.55,-64.51396179199219,898950
19250,34.70454406738281,37,909821,273.6616176,5333,0.0001,87.16,-67.15379333496094,899820
19260,40.655296325683594,37,910559,268.57972657,5352,0.0001,85.73,-58.72770309448242,900558
19270,35.67754364013672,37,911568,274.24813788000006,5380,0.0001,87.62,-62.711875915527344,901567
19280,41.11217498779297,37,912383,270.26414764,5401,0.0001,86.12,-61.913883209228516,902382
19290,52.26947021484375,37,913255,270.36452719000005,5423,0.0001,86.54,-63.53117752075195,903254
19300,41.06619644165039,37,914094,273.42368989000005,5444,0.0001,87.07,-67.28253173828125,904093
19310,35.94650650024414,37,914930,271.01629931,5465,0.0001,86.84,-60.75313186645508,904929
19320,43.22880554199219,37,915691,266.00824012,5484,0.0001,85.86,-62.427490234375,905690
19330,34.3858642578125,37,916460,261.29449825,5503,0.0001,84.36,-65.95543670654297,906459
19340,35.18634033203125,37,917422,261.44958599,5527,0.0001,84.71,-62.77568435668945,907421
19350,33.389408111572266,37,918241,260.66467332,5548,0.0001,84.2,-63.388885498046875,908240
19360,40.966922760009766,37,919151,268.53780525999997,5572,0.0001,85.92,-68.30540466308594,909150
19370,41.87403106689453,37,919986,264.5997353,5594,0.0001,84.18,-70.30852508544922,909985
19380,29.947250366210938,37,920780,265.09035934999997,5615,0.0001,83.97,-59.98050308227539,910779
19390,38.85087966918945,37,921779,270.96090583,5642,0.0001,85.24,-60.344032287597656,911778
19400,42.36975860595703,37,922662,271.31928593,5666,0.0001,85.68,-59.951324462890625,912661
19410,47.747840881347656,37,923547,273.35148668,5690,0.0001,86.17,-66.27227783203125,913546
19420,48.02342987060547,37,924461,277.85190908000004,5714,0.0001,87.7,-64.10530853271484,914460
19430,36.521827697753906,37,925379,282.04428455,5739,0.0001,89.19,-65.44951629638672,915378
19440,42.131954193115234,37,926363,282.53654832999996,5765,0.0001,89.41,-64.51294708251953,916362
19450,39.737125396728516,37,927303,285.88411543,5791,0.0001,90.62,-60.597633361816406,917302
19460,40.14617919921875,37,928112,282.16418116,5813,0.0001,89.61,-65.66557312011719,918111
19470,41.69038391113281,37,929014,282.02102601,5837,0.0001,90.28,-64.61283111572266,919013
19480,31.568222045898438,37,929841,282.42549704,5859,0.0001,90.61,-64.96354675292969,919840
19490,36.050559997558594,37,930801,279.58316141,5884,0.0001,90.22,-60.22437286376953,920800
19500,32.77509689331055,37,931574,274.50168068000005,5904,0.0001,89.12,-62.744110107421875,921573
19510,36.68037033081055,37,932399,272.77224351,5925,0.0001,88.52,-66.52445983886719,922398
19520,44.105430603027344,37,933161,267.8086688,5944,0.0001,87.0,-59.559959411621094,923160
19530,37.05839538574219,37,933973,263.78712714,5964,0.0001,85.94,-65.14435577392578,923972
19540,39.32565689086914,37,934786,258.2510345,5985,0.0001,84.23,-63.00493621826172,924785
19550,35.9186897277832,37,935545,252.23874070000002,6005,0.0001,82.42,-68.00360107421875,925544
19560,39.07537078857422,37,936368,251.78785803000002,6026,0.0001,82.56,-62.36906433105469,926367
19570,35.386146545410156,37,937228,253.02445153000005,6048,0.0001,82.14,-65.28477478027344,927227
19580,43.350189208984375,37,938091,254.72908403000002,6070,0.0001,82.5,-59.885032653808594,928090
19590,48.15753173828125,37,939039,256.22086219,6094,0.0001,82.38,-61.13319396972656,929038
19600,39.157020568847656,37,939962,261.93728050000004,6117,0.0001,83.88,-62.307350158691406,929961
19610,32.5208625793457,38,940957,267.87697655,6142,0.0001,85.58,-60.443206787109375,930956
19620,41.77370071411133,38,941865,274.56233277,6165,0.0001,87.04,-63.10980987548828,931864
19630,38.17087173461914,38,942877,281.97913365,6190,0.0001,89.04,-63.98484420776367,932876
19640,34.64044189453125,38,943795,285.99616323999993,6214,0.0001,90.09,-58.341495513916016,933794
19650,36.89189147949219,38,944702,290.3930357400001,6236,0.0001,91.57,-65.15039825439453,934701
19660,37.96107864379883,38,945540,290.01268747,6258,0.0001,91.72,-60.07358932495117,935539
19670,32.128787994384766,38,946523,292.43558318,6283,0.0001,92.95,-68.00482940673828,936522
19680,42.919349670410156,38,947506,295.43796911000004,6309,0.0001,94.15,-65.00390625,937505
19690,40.118221282958984,38,948352,290.9935015,6332,0.0001,93.13,-66.31329345703125,938351
19700,41.09031677246094,38,949109,285.16634627,6352,0.0001,91.47,-66.61923217773438,939108
19710,43.81755065917969,38,949853,277.36452987999996,6373,0.0001,88.96,-65.12255096435547,939852
19720,45.26701354980469,38,950658,271.87613059999995,6394,0.0001,87.93,-72.13050079345703,940657
19730,34.60966110229492,38,951534,266.99944521000003,6418,0.0001,86.57,-72.70066833496094,941533
19740,37.477622985839844,38,952266,258.2053651,6438,0.0001,84.71,-63.78109359741211,942265
19750,38.387359619140625,38,952972,251.26174962000005,6457,0.0001,82.7,-64.7485580444336,942971
19760,41.07488250732422,38,953785,248.47089580999997,6479,0.0001,82.45,-62.28140640258789,943784
19770,44.081336975097656,38,954634,242.96098181999997,6502,0.0001,81.11,-62.3698844909668,944633
19780,40.5150146484375,37,955449,235.84292491,6524,0.0001,79.43,-64.35002899169922,945448
19790,33.359649658203125,37,956382,236.81808373000004,6549,0.0001,80.3,-55.84233856201172,946381
19800,41.777652740478516,37,957264,241.04285132,6573,0.0001,81.55,-63.30275344848633,947263
19810,40.141265869140625,37,958088,244.21679868999996,6595,0.0001,82.35,-62.11163330078125,948087
19820,36.56791305541992,37,958933,248.34552973000007,6618,0.0001,82.75,-58.82235336303711,948932
19830,38.21461486816406,37,959838,248.51086238,6642,0.0001,83.04,-67.6060791015625,949837
19840,51.77110290527344,37,960752,255.80541945999997,6667,0.0001,84.86,-65.96420288085938,950751
19850,40.48700714111328,37,961640,263.11044264000003,6691,0.0001,86.68,-68.35905456542969,951639
19860,39.753143310546875,37,962327,260.93306839999997,6714,0.0001,85.42,-67.82540130615234,952326
19870,45.32823181152344,37,963076,260.55339087,6734,0.0001,84.42,-63.3572883605957,953075
19880,37.138648986816406,37,963927,265.13787066000003,6757,0.0001,84.78,-58.28237533569336,953926
19890,35.38371658325195,37,964714,262.87065258999996,6778,0.0001,83.32,-67.89068603515625,954713
19900,49.1298828125,37,965492,258.35808274,6799,0.0001,82.28,-65.38349914550781,955491
19910,42.82841873168945,37,966420,261.42435774,6824,0.0001,83.32,-67.59038543701172,956419
19920,40.13164138793945,37,967259,260.34638807,6847,0.0001,83.26,-66.33673095703125,957258
19930,46.18218231201172,37,968206,261.25197751,6872,0.0001,83.68,-63.8992919921875,958205
19940,37.44822311401367,37,969099,262.39324093999994,6896,0.0001,83.47,-64.29358673095703,959098
19950,46.770931243896484,37,970083,264.42447359,6922,0.0001,84.43,-68.01895904541016,960082
19960,49.902801513671875,37,970903,268.17321482,6944,0.0001,85.76,-64.18824005126953,960902
19970,41.047447204589844,37,971825,271.81677511,6969,0.0001,87.49,-64.1523666381836,961824
19980,42.866485595703125,37,972565,265.84708625,6989,0.0001,86.38,-65.57058715820312,962564
19990,40.91236877441406,37,973292,263.66004847,7008,0.0001,85.78,-65.50010681152344,963291
20000,40.37260437011719,37,974235,272.25097783999996,7032,0.0001,87.43,-65.57233428955078,964234
20010,38.81390380859375,37,975115,270.97837245000005,7056,0.0001,86.95,-68.32903289794922,965114
20020,49.94269561767578,37,975982,269.85406845,7079,0.0001,87.23,-64.49140167236328,965981
20030,45.10417175292969,37,976881,269.81892168,7103,0.0001,86.75,-65.52879333496094,966880
20040,42.37445831298828,37,977776,269.47629387,7127,0.0001,86.77,-70.2559585571289,967775
20050,34.41192626953125,37,978547,263.87167221,7148,0.0001,84.64,-66.0971450805664,968546
20060,47.40422821044922,37,979346,263.18224730000003,7169,0.0001,84.43,-64.30858612060547,969345
20070,44.513404846191406,37,980291,264.33123275,7194,0.0001,84.66,-65.95294189453125,970290
20080,37.84272766113281,37,981092,270.14138963,7216,0.0001,85.27,-65.191650390625,971091
20090,35.72310256958008,37,981958,274.35203874,7239,0.0001,86.66,-69.24043273925781,971957
20100,39.454105377197266,37,982821,271.17206043000004,7262,0.0001,85.86,-69.76666259765625,972820
20110,43.79554748535156,37,983662,269.72420609,7285,0.0001,85.47,-68.84467315673828,973661
20120,38.69798278808594,37,984588,274.81662358,7309,0.0001,86.06,-71.1981430053711,974587
20130,46.59944534301758,37,985418,272.40835963,7332,0.0001,85.37,-62.51041793823242,975417
20140,27.82431411743164,37,986262,271.48195415000004,7355,0.0001,84.86,-59.87339782714844,976261
20150,45.01805877685547,37,987183,275.24292048,7379,0.0001,86.36,-66.323486328125,977182
20160,41.679744720458984,37,988045,279.9961582600001,7403,0.0001,86.99,-66.73007202148438,978044
20170,36.92845153808594,37,988836,275.75530928,7424,0.0001,85.45,-66.44246673583984,978835
20180,53.23726272583008,37,989861,280.84064855,7452,0.0001,87.69,-67.65947723388672,979860
20190,40.37176513671875,37,990862,287.01584495,7479,0.0001,89.04,-72.00456237792969,980861
20200,43.51679992675781,37,991799,290.4837905,7504,0.0001,89.78,-68.36166381835938,981798
20210,35.077003479003906,37,992702,291.00217255999996,7527,0.0001,90.4,-65.49076843261719,982701
20220,39.89915084838867,37,993609,289.03978199,7550,0.0001,90.21,-60.28342056274414,983608
20230,43.10840606689453,37,994409,288.34309039000004,7570,0.0001,89.91,-66.2796401977539,984408
20240,36.18794250488281,37,995150,285.71189691999996,7589,0.0001,88.88,-67.69256591796875,985149
20250,48.01026153564453,37,995958,283.11272226,7609,0.0001,87.75,-67.09165954589844,985957
20260,36.01875686645508,37,996841,280.47040459,7632,0.0001,87.96,-63.391075134277344,986840
20270,49.85285568237305,37,997936,291.27824765,7659,0.0001,91.0,-64.71328735351562,987935
20280,36.373870849609375,37,998777,286.94430573,7681,0.0001,89.16,-63.721893310546875,988776
20290,41.813663482666016,37,999527,277.72871356,7700,0.0001,86.65,-65.59516143798828,989526
20300,39.562843322753906,37,1000339,273.45051916,7722,0.0001,85.4,-64.72164154052734,990338
20310,41.35622024536133,37,1001250,274.90165663,7747,0.0001,85.48,-65.60419464111328,991249
20320,40.92302703857422,37,1002231,278.61140288,7773,0.0001,86.22,-65.91777038574219,992230
20330,47.23869323730469,37,1003235,287.14420977000003,7800,0.0001,88.26,-66.02285766601562,993234
20340,41.06000900268555,37,1004039,288.97012966,7822,0.0001,88.89,-67.11785888671875,994038
20350,36.120601654052734,37,1005085,296.2627755699999,7850,0.0001,91.27,-66.8338394165039,995084
20360,35.73341369628906,37,1005950,299.57898049,7873,0.0001,91.09,-71.2337417602539,995949
20370,43.02682113647461,37,1006829,290.89317704999996,7897,0.0001,88.93,-65.44831848144531,996828
20380,42.303749084472656,37,1007694,289.53994507000004,7920,0.0001,89.17,-62.72319793701172,997693
20390,47.02227020263672,37,1008541,291.46648666,7943,0.0001,90.14,-58.59166717529297,998540
20400,38.47206115722656,37,1009390,290.75976706,7966,0.0001,90.51,-65.65225219726562,999389
20410,35.21474838256836,37,1010279,289.92700784000004,7990,0.0001,90.29,-67.59445190429688,1000278
20420,47.34125518798828,37,1011154,284.2464089,8013,0.0001,89.23,-70.53736114501953,1001153
20430,43.987449645996094,37,1012040,276.76465923,8036,0.0001,88.05,-65.4549331665039,1002039
20440,45.356346130371094,37,1013034,282.0406977800001,8061,0.0001,89.95,-67.17094421386719,1003033
20450,38.068214416503906,37,1013927,278.57564843000006,8083,0.0001,88.42,-64.74414825439453,1003926
20460,45.65888977050781,37,1014676,273.15253909,8103,0.0001,87.26,-67.89188385009766,1004675
20470,39.53911209106445,37,1015323,265.67592484,8119,0.0001,84.94,-68.20269775390625,1005322
20480,47.35833740234375,37,1016210,266.8037073699999,8142,0.0001,85.16,-69.89634704589844,1006209
20490,48.330955505371094,37,1017140,270.87030303,8165,0.0001,85.99,-71.04560089111328,1007139
20500,49.63821792602539,37,1018052,274.53749101,8188,0.0001,86.62,-65.21572875976562,1008051
20510,47.0699462890625,37,1018941,276.14782486,8210,0.0001,86.62,-66.63519287109375,1008940
20520,38.08631134033203,37,1019941,281.18317524,8235,0.0001,87.87,-64.61187744140625,1009940
20530,42.39197540283203,37,1020813,281.76459058999995,8257,0.0001,87.73,-67.41497802734375,1010812
20540,47.94761657714844,37,1021684,277.14891543,8279,0.0001,86.5,-69.6279296875,1011683
20550,47.288002014160156,37,1022603,276.2198191,8303,0.0001,86.76,-60.622955322265625,1012602
20560,43.527687072753906,37,1023742,290.76843650999996,8332,0.0001,90.66,-64.15436553955078,1013741
20570,53.75059509277344,37,1024696,301.42066683999997,8356,0.0001,93.73,-67.95597839355469,1014695
20580,38.81275177001953,37,1025655,305.2993809700001,8380,0.0001,94.45,-66.81915283203125,1015654
20590,42.655845642089844,37,1026557,303.43336067,8403,0.0001,94.17,-61.897438049316406,1016556
20600,40.20412826538086,37,1027375,297.68290618,8424,0.0001,93.23,-68.2466049194336,1017374
20610,38.87529754638672,37,1028261,295.52520773,8447,0.0001,93.2,-60.987369537353516,1018260
20620,42.75892639160156,37,1029191,291.70374513,8470,0.0001,92.5,-68.59732818603516,1019190
20630,41.75018310546875,37,1030060,291.61951806,8493,0.0001,92.47,-64.34729766845703,1020059
20640,37.687416076660156,37,1031091,298.51785679000005,8519,0.0001,94.07,-59.50048828125,1021090
20650,37.76921081542969,37,1032104,302.78608689,8544,0.0001,95.01,-60.8968391418457,1022103
20660,39.99378967285156,37,1032997,291.54993142999996,8567,0.0001,92.55,-67.88634490966797,1022996
20670,43.51628875732422,37,1034046,295.18924563,8593,0.0001,93.5,-64.9897232055664,1024045
20680,36.89984893798828,37,1035005,294.85753795,8618,0.0001,93.5,-60.01447296142578,1025004
20690,36.77580261230469,38,1035842,292.10533467000005,8639,0.0001,92.85,-63.9197883605957,1025841
20700,45.18359375,38,1036814,299.14740638,8663,0.0001,94.39,-69.8299560546875,1026813
20710,35.14466094970703,38,1037694,299.76345531000004,8686,0.0001,94.33,-65.84796905517578,1027693
20720,41.471160888671875,38,1038639,303.72898983,8711,0.0001,94.48,-68.62745666503906,1028638
20730,65.04508972167969,38,1039565,304.50875106,8736,0.0001,95.05,-66.22028350830078,1029564
20740,39.14476013183594,38,1040589,305.01854284,8764,0.0001,94.98,-67.7635498046875,1030588
20750,49.579429626464844,37,1041503,300.54280835,8788,0.0001,93.99,-67.53569793701172,1031502
20760,35.66307830810547,37,1042387,301.78337444,8812,0.0001,93.9,-64.34324645996094,1032386
20770,42.408660888671875,37,1043309,295.80494500000003,8837,0.0001,92.63,-60.59969711303711,1033308
20780,52.11410903930664,37,1044184,292.38239718,8861,0.0001,91.79,-69.09364318847656,1034183
20790,35.405540466308594,37,1045195,296.27903360000005,8888,0.0001,93.53,-75.97222900390625,1035194
20800,40.23587417602539,37,1046075,292.33350624,8912,0.0001,92.61,-67.82656860351562,1036074
20810,40.356605529785156,37,1047076,297.35611964,8939,0.0001,93.82,-68.42850494384766,1037075
20820,38.44871520996094,37,1048002,295.17179377,8963,0.0001,93.63,-65.59353637695312,1038001
20830,39.90203094482422,37,1048953,298.85385871,8989,0.0001,93.88,-63.849483489990234,1038952
20840,52.096710205078125,37,1049868,293.76808633,9012,0.0001,92.79,-70.54672241210938,1039867
20850,40.095611572265625,37,1050723,292.05573705,9034,0.0001,92.2,-61.71575164794922,1040722
20860,34.93798065185547,37,1051763,296.52290902,9060,0.0001,93.76,-67.5699462890625,1041762
20870,53.48585510253906,37,1052705,298.47721439,9084,0.0001,93.96,-71.68829345703125,1042704
20880,42.77861785888672,38,1053743,303.12732117,9110,0.0001,95.59,-71.9576187133789,1043742
20890,42.66659164428711,38,1054709,305.31805865,9134,0.0001,95.14,-69.33294677734375,1044708
20900,38.384307861328125,38,1055723,311.4307197,9160,0.0001,96.48,-65.49146270751953,1045722
20910,44.31663513183594,38,1056633,306.87396316999997,9183,0.0001,95.57,-63.88257598876953,1046632
20920,42.496036529541016,38,1057507,304.00391849000005,9205,0.0001,95.05,-65.12146759033203,1047506
20930,47.139076232910156,38,1058471,302.18270186000007,9229,0.0001,95.18,-69.73918151855469,1048470
20940,46.478424072265625,38,1059413,303.8018982699999,9253,0.0001,95.45,-63.29254150390625,1049412
20950,38.21754837036133,38,1060572,313.37290565999996,9282,0.0001,98.49,-66.26329803466797,1050571
20960,36.32754898071289,38,1061461,308.31139106,9305,0.0001,96.98,-69.7139892578125,1051460
20970,41.45758056640625,38,1062345,306.20229422999995,9327,0.0001,96.4,-68.04354095458984,1052344
20980,41.894622802734375,38,1063255,300.58809212999995,9350,0.0001,95.12,-70.31737518310547,1053254
20990,41.43323516845703,38,1064205,298.50216790999997,9375,0.0001,94.96,-63.30232238769531,1054204
21000,35.35153579711914,38,1065052,290.9871038,9396,0.0001,93.29,-64.06484985351562,1055051
21010,37.50738525390625,38,1065993,292.51536938000004,9420,0.0001,93.6,-64.0001449584961,1055992
21020,47.31065368652344,38,1066902,295.65679776,9442,0.0001,93.95,-72.2774658203125,1056901
21030,42.83036422729492,38,1067980,302.24476314,9469,0.0001,95.09,-64.65858459472656,1057979
21040,46.93503952026367,38,1068820,298.91080896,9492,0.0001,94.07,-70.69893646240234,1058819
21050,38.40675354003906,38,1069576,285.24678922999993,9512,0.0001,90.04,-66.67974090576172,1059575
21060,38.103538513183594,38,1070325,281.15795844,9533,0.0001,88.64,-66.35631561279297,1060324
21070,37.97265625,38,1071147,280.11264572000005,9555,0.0001,88.02,-53.35894775390625,1061146
21080,34.92833709716797,38,1071901,277.27596551,9576,0.0001,86.46,-71.97871398925781,1061900
21090,45.28010559082031,38,1072693,272.75272502,9597,0.0001,84.88,-71.0247573852539,1062692
21100,47.428993225097656,38,1073549,273.1388724600001,9620,0.0001,84.97,-73.01293182373047,1063548
21110,49.92369079589844,38,1074426,273.70005753000004,9644,0.0001,84.33,-70.40882873535156,1064425
21120,47.92555236816406,38,1075245,270.53849728999995,9666,0.0001,83.43,-66.53369140625,1065244
21130,45.105445861816406,38,1076073,260.64616986,9689,0.0001,80.93,-67.39026641845703,1066072
21140,41.5639533996582,38,1076853,258.05946912,9710,0.0001,80.33,-63.82579040527344,1066852
21150,39.627685546875,38,1077534,257.00583045999997,9729,0.0001,79.58,-67.54866790771484,1067533
21160,44.32883834838867,38,1078462,264.80449913,9754,0.0001,81.37,-67.55513763427734,1068461
21170,42.131805419921875,38,1079467,270.00536866000004,9781,0.0001,83.2,-68.57952880859375,1069466
21180,60.70953369140625,38,1080281,271.88386273,9802,0.0001,83.8,-67.7370376586914,1070280
21190,49.349884033203125,38,1081059,271.02231807,9822,0.0001,83.66,-72.73699188232422,1071058
21200,43.18605041503906,38,1081990,275.09568781999997,9845,0.0001,84.41,-67.07554626464844,1071989
21210,43.9820442199707,38,1083002,277.31374229,9871,0.0001,85.76,-70.8415298461914,1073001
21220,40.80560302734375,38,1083838,276.67833698,9892,0.0001,85.93,-79.64515686035156,1073837
21230,49.60597610473633,38,1084755,278.71116184000005,9915,0.0001,86.82,-65.89029693603516,1074754
21240,37.20326232910156,38,1085707,285.97718837,9939,0.0001,88.54,-66.22081756591797,1075706
21250,37.96766662597656,38,1086514,291.09532190000004,9960,0.0001,89.8,-63.91205978393555,1076513
21260,51.93851089477539,38,1087267,283.77687868999993,9979,0.0001,88.05,-72.16484069824219,1077266
21270,49.1655158996582,38,1088111,278.96529337000004,10001,0.0001,86.44,-72.78620910644531,1078110
21280,48.42767333984375,38,1088912,277.90240172,10021,0.0001,86.31,-66.09526062011719,1078911
21290,40.157020568847656,38,1089721,279.10407818,10042,0.0001,86.62,-67.37411499023438,1079720
21300,45.72489547729492,38,1090591,276.71016728,10065,0.0001,86.01,-72.08343505859375,1080590
21310,45.35436248779297,38,1091440,271.95710379,10087,0.0001,84.38,-65.98062133789062,1081439
21320,47.9500617980957,38,1092255,271.53330898999997,10107,0.0001,84.17,-67.25450134277344,1082254
21330,58.22357940673828,38,1093213,271.94344470000004,10132,0.0001,84.58,-68.3956298828125,1083212
21340,46.99659729003906,38,1093977,263.49647258,10151,0.0001,82.7,-69.5288314819336,1083976
21350,39.22539138793945,38,1094726,261.51999841,10170,0.0001,82.12,-69.70794677734375,1084725
21360,44.697471618652344,38,1095623,266.9226181,10193,0.0001,83.56,-67.51605987548828,1085622
21370,47.40450668334961,38,1096383,263.75115646,10212,0.0001,82.72,-67.05789184570312,1086382
21380,40.86688232421875,38,1097321,269.76501841000004,10236,0.0001,84.09,-67.452392578125,1087320
21390,38.171409606933594,38,1098112,269.2385203,10256,0.0001,83.91,-68.82058715820312,1088111
21400,43.62315368652344,38,1099043,272.25711615,10280,0.0001,84.52,-66.01307678222656,1089042
21410,46.47105407714844,38,1099886,271.28777317,10301,0.0001,84.46,-69.14116668701172,1089885
21420,48.17283630371094,38,1100950,281.90967350000005,10329,0.0001,86.95,-65.8098373413086,1090949
21430,49.69861602783203,38,1101647,275.47140075000004,10347,0.0001,84.34,-73.19580078125,1091646
21440,36.79899215698242,38,1102613,285.5193838,10371,0.0001,86.36,-68.31764221191406,1092612
21450,40.14524841308594,38,1103473,289.01907101000006,10393,0.0001,87.47,-65.30606079101562,1093472
21460,49.61431121826172,38,1104396,288.17509914999994,10417,0.0001,87.73,-64.01924133300781,1094395
21470,56.68093490600586,38,1105239,292.53319003,10438,0.0001,88.56,-69.84532928466797,1095238
21480,51.49061584472656,38,1106068,287.65834297,10459,0.0001,87.47,-66.6195297241211,1096067
21490,44.48160934448242,38,1107020,293.83871639,10484,0.0001,89.08,-66.36991882324219,1097019
21500,48.41682815551758,38,1107940,292.44242263,10507,0.0001,88.97,-68.92013549804688,1097939
21510,50.25724792480469,38,1108860,295.94289590000005,10530,0.0001,89.74,-71.58158111572266,1098859
21520,48.562294006347656,38,1109771,288.05298723,10554,0.0001,88.21,-64.10781860351562,1099770
21530,49.644840240478516,38,1110660,295.20311899,10578,0.0001,90.13,-70.09444427490234,1100659
21540,38.32987976074219,38,1111449,286.9406966099999,10600,0.0001,88.36,-73.2349853515625,1101448
21550,44.193397521972656,38,1112295,287.17004832,10622,0.0001,88.22,-66.72492218017578,1102294
21560,40.018341064453125,38,1113178,287.23532253999997,10646,0.0001,87.82,-67.24241638183594,1103177
21570,49.62507629394531,38,1114132,289.13971511000005,10672,0.0001,88.93,-69.07405090332031,1104131
21580,40.95893096923828,38,1114941,288.43682094,10694,0.0001,88.73,-62.70734786987305,1104940
21590,51.306640625,38,1115719,282.75939074999997,10715,0.0001,86.99,-70.55985260009766,1105718
21600,48.404510498046875,38,1116769,286.35134668999996,10743,0.0001,88.29,-70.55316925048828,1106768
21610,40.94367218017578,38,1117452,276.53619474999994,10762,0.0001,85.92,-69.99479675292969,1107451
21620,37.80061340332031,38,1118325,276.58007340000006,10786,0.0001,85.54,-71.29324340820312,1108324
21630,35.07515335083008,38,1119330,278.29021343000005,10812,0.0001,86.7,-66.54647064208984,1109329
21640,36.46730041503906,38,1120308,282.68198224,10839,0.0001,88.59,-71.83396911621094,1110307
21650,47.83041763305664,38,1121190,281.3072123,10863,0.0001,88.95,-65.99751281738281,1111189
21660,42.52659606933594,38,1122142,283.94426316,10888,0.0001,89.64,-69.63897705078125,1112141
21670,39.66156005859375,38,1122958,279.81962948999995,10911,0.0001,88.26,-64.11629486083984,1112957
21680,43.429046630859375,38,1123800,280.53700479,10933,0.0001,88.59,-72.10275268554688,1113799
21690,39.79880905151367,38,1124690,286.1160588,10957,0.0001,89.71,-69.20915985107422,1114689
21700,42.289241790771484,38,1125557,281.70450332,10981,0.0001,87.88,-67.050048828125,1115556
21710,42.40892791748047,38,1126380,288.18798555,11002,0.0001,89.28,-65.39157104492188,1116379
21720,37.86494827270508,38,1127361,290.93968848000003,11026,0.0001,90.36,-73.60175323486328,1117360
21730,43.47659683227539,38,1128537,299.11842761,11056,0.0001,92.07,-66.64659881591797,1118536
21740,43.593360900878906,38,1129538,302.73944028,11081,0.0001,92.3,-70.58234405517578,1119537
21750,40.466670989990234,38,1130523,308.53134729000004,11106,0.0001,93.33,-67.18798828125,1120522
21760,43.013858795166016,38,1131506,309.91581497,11131,0.0001,93.64,-68.60877227783203,1121505
21770,46.46186065673828,38,1132446,314.65291909,11155,0.0001,94.88,-70.72378540039062,1122445
21780,40.079368591308594,38,1133343,316.76644269,11177,0.0001,95.43,-70.92715454101562,1123342
21790,40.805912017822266,38,1134296,315.57510090999995,11202,0.0001,96.06,-71.3102035522461,1124295
21800,45.55307388305664,38,1135318,320.97899911,11228,0.0001,97.61,-67.22484588623047,1125317
21810,38.33845520019531,38,1136208,323.64258995,11250,0.0001,98.28,-79.59386444091797,1126207
21820,47.78437805175781,38,1137013,318.57183885,11271,0.0001,96.52,-70.45985412597656,1127012
21830,42.417137145996094,38,1137852,306.84880475,11294,0.0001,93.15,-68.03866577148438,1127851
21840,43.636573791503906,38,1138812,305.48195240000007,11319,0.0001,92.74,-65.17774963378906,1128811
21850,44.56266784667969,38,1139613,298.8697693800001,11341,0.0001,90.9,-69.9592514038086,1129612
21860,38.830482482910156,38,1140495,296.32099542,11364,0.0001,89.89,-69.28189849853516,1130494
21870,45.299827575683594,38,1141372,295.67493969,11388,0.0001,89.26,-73.560546875,1131371
21880,36.67530822753906,38,1142257,295.58613047999995,11412,0.0001,89.14,-70.12399291992188,1132256
21890,41.165199279785156,38,1143105,293.55794724,11435,0.0001,88.09,-67.80277252197266,1133104
21900,51.292301177978516,38,1144032,289.01854602,11460,0.0001,87.14,-65.60581970214844,1134031
21910,44.878273010253906,38,1144803,284.43715527999996,11481,0.0001,85.95,-71.5864486694336,1134802
21920,50.992549896240234,38,1145672,284.6823888999999,11504,0.0001,86.59,-80.04957580566406,1135671
21930,48.171661376953125,38,1146672,291.25680225,11531,0.0001,88.2,-71.07965087890625,1136671
21940,41.6570930480957,38,1147628,290.05729838999997,11556,0.0001,88.16,-67.73272705078125,1137627
21950,48.382850646972656,38,1148479,291.02771145,11579,0.0001,88.66,-68.09944152832031,1138478
21960,42.82649612426758,38,1149484,295.28673168999995,11606,0.0001,89.89,-70.8366928100586,1139483
21970,41.57026672363281,38,1150449,298.97921936,11632,0.0001,90.77,-66.42911529541016,1140448
21980,45.22506332397461,38,1151434,303.46085772000004,11658,0.0001,91.77,-62.74550247192383,1141433
21990,41.3653450012207,38,1152427,310.13301694,11685,0.0001,93.22,-64.7098159790039,1142426
22000,46.2163200378418,38,1153340,311.17647343,11710,0.0001,93.08,-70.86800384521484,1143339
22010,42.60795211791992,38,1154265,316.25855732,11733,0.0001,94.62,-70.49701690673828,1144264
22020,40.269683837890625,38,1155093,317.1337709,11754,0.0001,94.21,-63.176788330078125,1145092
22030,50.76386642456055,38,1155990,311.90649058,11776,0.0001,93.18,-66.87362670898438,1145989
22040,43.854515075683594,38,1156830,308.94035210000004,11797,0.0001,92.02,-68.20439147949219,1146829
22050,30.815235137939453,38,1157633,306.90571216,11818,0.0001,91.54,-71.76661682128906,1147632
22060,42.0739631652832,38,1158707,309.29036193999997,11845,0.0001,92.23,-70.93474578857422,1148706
22070,50.702659606933594,38,1159645,304.94921835,11868,0.0001,91.96,-72.4882583618164,1149644
22080,36.108909606933594,38,1160580,302.74562481,11892,0.0001,91.46,-72.26637268066406,1150579
22090,40.78129577636719,38,1161562,298.69714486,11917,0.0001,91.35,-68.38491821289062,1151561
22100,37.854469299316406,38,1162507,298.85028144000006,11941,0.0001,91.67,-67.70201873779297,1152506
22110,45.17559051513672,38,1163367,297.78109606000004,11962,0.0001,91.02,-73.70117950439453,1153366
22120,43.310455322265625,38,1164502,306.67806766999996,11991,0.0001,94.09,-66.4058837890625,1154501
22130,45.7415885925293,38,1165375,305.09307780999995,12013,0.0001,93.85,-69.73017883300781,1155374
22140,45.016143798828125,38,1166430,314.0815793,12039,0.0001,96.0,-68.12157440185547,1156429
22150,44.876495361328125,38,1167478,322.62711043,12066,0.0001,98.45,-70.07169342041016,1157477
22160,39.30992126464844,38,1168505,320.14384409999997,12092,0.0001,97.98,-64.69581604003906,1158504
22170,42.901737213134766,38,1169573,324.41034216,12119,0.0001,99.28,-65.62782287597656,1159572
22180,45.724853515625,38,1170458,319.83140944999997,12141,0.0001,98.78,-70.15875244140625,1160457
22190,33.096229553222656,38,1171475,319.89011471,12167,0.0001,99.13,-69.484130859375,1161474
22200,42.54917907714844,38,1172398,318.24395245,12190,0.0001,98.91,-71.45850372314453,1162397
22210,47.463104248046875,38,1173290,317.17460787000005,12212,0.0001,99.23,-72.790283203125,1163289
22220,52.30625915527344,38,1174132,308.87644759,12234,0.0001,96.3,-69.99436950683594,1164131
22230,45.12696838378906,38,1175090,312.45321765,12258,0.0001,97.15,-74.74871826171875,1165089
22240,48.06205749511719,38,1176056,307.78565022999993,12283,0.0001,96.26,-71.66249084472656,1166055
22250,39.62122344970703,38,1176983,303.38151121000004,12306,0.0001,95.05,-73.97631072998047,1166982
22260,44.523521423339844,38,1178280,312.14432587000005,12339,0.0001,97.75,-76.16522979736328,1168279
22270,45.264625549316406,38,1179155,306.06318473,12361,0.0001,95.82,-69.19459533691406,1169154
22280,42.23388671875,38,1180137,311.18689526000003,12386,0.0001,96.79,-72.76341247558594,1170136
22290,39.685569763183594,38,1181015,309.6604076,12408,0.0001,95.4,-72.47795104980469,1171014
22300,49.857330322265625,38,1182008,312.8764576,12433,0.0001,96.1,-69.40676879882812,1172007
22310,47.30537796020508,38,1183004,318.60302644,12458,0.0001,97.14,-74.02986145019531,1173003
22320,41.679908752441406,38,1184087,327.23957188,12486,0.0001,99.55,-68.0109634399414,1174086
22330,54.76015853881836,38,1185081,330.19305607999996,12511,0.0001,99.91,-67.6576919555664,1175080
22340,47.085174560546875,38,1185994,327.33480755999994,12534,0.0001,99.38,-72.86112976074219,1175993
22350,45.3548583984375,38,1186849,323.67612479,12555,0.0001,98.66,-73.80818176269531,1176848
22360,43.070343017578125,38,1187750,308.75484683,12579,0.0001,94.7,-71.015380859375,1177749
22370,49.7956657409668,38,1188578,306.23747919,12600,0.0001,94.23,-67.79370880126953,1178577
22380,60.91116714477539,38,1189436,303.55317965,12622,0.0001,92.99,-69.32335662841797,1179435
22390,44.423133850097656,38,1190320,302.16645057,12646,0.0001,93.05,-69.43473052978516,1180319
22400,40.319068908691406,38,1191230,299.19801381,12671,0.0001,92.22,-72.16561889648438,1181229
22410,46.29896926879883,38,1192231,297.69529976999996,12698,0.0001,92.27,-67.84877014160156,1182230
22420,57.408363342285156,38,1193094,288.64725971,12721,0.0001,90.07,-73.35722351074219,1183093
22430,43.28424835205078,38,1194172,290.20018593,12750,0.0001,90.91,-64.87599182128906,1184171
22440,41.15452194213867,38,1195162,292.58565748999996,12777,0.0001,91.68,-67.44225311279297,1185161
22450,44.36286163330078,38,1195975,293.56672077999997,12799,0.0001,91.26,-70.92581176757812,1185974
22460,51.56868362426758,38,1196866,295.29745772999996,12823,0.0001,91.16,-73.09294891357422,1186865
22470,40.41217041015625,38,1197841,300.957724,12850,0.0001,92.63,-79.28984832763672,1187840
22480,52.23571014404297,38,1198744,302.77386886,12874,0.0001,93.08,-66.12641906738281,1188743
22490,44.323822021484375,38,1199557,302.04679945,12896,0.0001,92.37,-72.96806335449219,1189556
22500,46.17057418823242,38,1200490,303.38148438,12922,0.0001,92.6,-73.47358703613281,1190489
22510,44.890045166015625,38,1201450,300.34749639000006,12948,0.0001,92.19,-66.35659790039062,1191449
22520,44.5870246887207,38,1202328,301.28742136,12972,0.0001,92.34,-69.03254699707031,1192327
22530,41.24507522583008,38,1203441,303.10300087999997,13002,0.0001,92.69,-70.96952819824219,1193440
22540,55.672637939453125,38,1204403,302.96263864,13028,0.0001,92.41,-79.58773803710938,1194402
22550,55.535892486572266,38,1205342,306.70950727999997,13054,0.0001,93.67,-73.5733871459961,1195341
22560,38.9678955078125,38,1206271,305.47537450999994,13079,0.0001,94.05,-68.580322265625,1196270
22570,49.3987922668457,38,1207339,310.29254354,13108,0.0001,94.98,-76.42811584472656,1197338
22580,40.858943939208984,38,1208399,317.08498137,13136,0.0001,96.55,-74.8545150756836,1198398
22590,52.65497589111328,38,1209317,319.82818176999996,13161,0.0001,97.6,-65.61865997314453,1199316
22600,48.05337142944336,38,1210293,322.17394120000006,13187,0.0001,98.03,-69.70527648925781,1200292
22610,39.54534149169922,38,1211328,326.10977571999996,13215,0.0001,98.78,-73.93368530273438,1201327
22620,44.791709899902344,38,1212265,326.30280547999996,13239,0.0001,99.37,-68.62614440917969,1202264
22630,47.890869140625,38,1213186,319.97905571,13262,0.0001,97.45,-70.90913391113281,1203185
22640,62.17265319824219,38,1213889,307.44031444999996,13280,0.0001,94.86,-69.67729949951172,1203888
22650,51.24690246582031,38,1214681,299.20702059,13300,0.0001,93.39,-71.720947265625,1204680
22660,38.35357666015625,38,1215484,294.74705434,13321,0.0001,92.13,-71.08309936523438,1205483
22670,38.03076171875,38,1216389,289.11830115,13343,0.0001,90.5,-67.429931640625,1206388
22680,48.30107116699219,38,1217446,287.65929911,13370,0.0001,90.47,-61.46992492675781,1207445
22690,44.15483856201172,38,1218423,292.84266346,13395,0.0001,91.06,-75.38109588623047,1208422
22700,45.584747314453125,38,1219330,289.24186969,13417,0.0001,90.37,-75.41783142089844,1209329
22710,39.809173583984375,38,1220344,291.03249469,13443,0.0001,90.16,-70.76802062988281,1210343
22720,41.473358154296875,38,1221290,293.51386837,13467,0.0001,90.25,-76.8060531616211,1211289
22730,40.508331298828125,38,1222419,301.24766182,13495,0.0001,92.33,-72.29856872558594,1212418
22740,42.819175720214844,38,1223459,314.40575336,13522,0.0001,95.7,-70.40754699707031,1213458
22750,34.177818298339844,38,1224472,325.95036401,13547,0.0001,97.91,-71.5538330078125,1214471
22760,44.10176086425781,38,1225452,333.9543408400001,13572,0.0001,99.68,-70.28982543945312,1215451
22770,44.061622619628906,38,1226283,332.21767151,13593,0.0001,98.94,-71.84574127197266,1216282
22780,46.11357498168945,38,1227367,332.75717966,13620,0.0001,99.21,-77.84391784667969,1217366
22790,37.61124038696289,38,1228449,335.15952381000005,13647,0.0001,100.26,-69.99542236328125,1218448
22800,45.69026565551758,38,1229477,338.95446085,13672,0.0001,101.47,-73.71492004394531,1219476
22810,48.60077667236328,38,1230761,348.16705390000004,13705,0.0001,104.17,-68.46485900878906,1220760
22820,57.68437194824219,38,1231813,352.68919318,13731,0.0001,105.23,-65.51451110839844,1221812
22830,47.76000213623047,38,1232886,350.03748155,13759,0.0001,104.67,-73.74232482910156,1222885
22840,51.89099884033203,38,1233927,353.75446114,13787,0.0001,104.68,-68.1088638305664,1223926
22850,47.05915069580078,38,1235274,365.58303149000017,13823,0.0001,108.02,-71.99898529052734,1225273
22860,50.31560516357422,38,1236337,369.29243651999997,13852,0.0001,108.85,-68.95710754394531,1226336
22870,46.99567413330078,38,1237467,379.15603224000006,13882,0.0001,111.84,-72.68296813964844,1227466
22880,51.940277099609375,38,1238535,378.72770147000006,13911,0.0001,111.68,-72.40345001220703,1228534
22890,50.69116973876953,38,1239543,373.6852560600001,13938,0.0001,110.94,-75.19974517822266,1229542
22900,46.283233642578125,38,1240466,370.66488018999996,13962,0.0001,109.89,-77.33733367919922,1230465
22910,47.98947525024414,38,1241531,361.67612043,13991,0.0001,107.7,-75.35135650634766,1231530
22920,38.871368408203125,38,1242426,355.5067921699999,14015,0.0001,106.13,-72.46289825439453,1232425
22930,45.91010284423828,38,1243524,355.30238821,14045,0.0001,106.38,-68.66065979003906,1233523
22940,49.35203552246094,38,1244568,353.22056697999994,14073,0.0001,106.41,-67.70799255371094,1234567
22950,45.039886474609375,38,1245500,337.45185256999997,14098,0.0001,102.26,-72.12859344482422,1235499
22960,56.241668701171875,38,1246613,337.1923637299999,14127,0.0001,102.76,-68.6587905883789,1236612
22970,48.42394256591797,38,1247759,336.06131028000004,14156,0.0001,102.92,-71.35942840576172,1237758
22980,45.58100128173828,38,1248811,333.25975409000006,14182,0.0001,102.76,-73.47820281982422,1238810
22990,48.84600067138672,38,1249948,339.95248231000005,14211,0.0001,104.05,-70.69459533691406,1239947
23000,36.12023162841797,38,1251146,350.9216226699999,14241,0.0001,106.8,-75.75984191894531,1241145
23010,50.811302185058594,38,1252351,357.05534345000007,14271,0.0001,108.2,-72.45907592773438,1242350
23020,47.61102294921875,38,1253250,357.52566857000005,14294,0.0001,108.24,-71.64088439941406,1243249
23030,44.80883026123047,38,1254231,354.79110276,14318,0.0001,107.07,-75.65937042236328,1244230
23040,59.03002166748047,38,1255220,352.71146257999993,14343,0.0001,106.52,-79.66535949707031,1245219
23050,46.19629669189453,38,1256206,354.3447443199999,14369,0.0001,107.06,-76.17218017578125,1246205
23060,48.95037841796875,38,1257054,343.82089031000004,14392,0.0001,104.41,-75.18488311767578,1247053
23070,43.62118148803711,38,1258005,337.59425043000005,14418,0.0001,102.46,-67.08309936523438,1248004
23080,48.600467681884766,38,1259007,337.97294694,14445,0.0001,101.96,-80.33528137207031,1249006
23090,53.04389572143555,38,1259999,331.42525943,14472,0.0001,100.51,-78.00247192382812,1249998
23100,36.432655334472656,38,1260788,315.73616496,14493,0.0001,96.42,-77.25489044189453,1250787
23110,47.785587310791016,38,1261773,304.84687112000006,14520,0.0001,94.22,-69.99087524414062,1251772
23120,46.66698455810547,38,1262735,306.43124068000003,14546,0.0001,94.85,-70.11912536621094,1252734
23130,41.179847717285156,38,1263671,305.19507369,14571,0.0001,94.4,-77.1939926147461,1253670
23140,41.972591400146484,38,1264601,304.79150172,14596,0.0001,93.81,-71.86351013183594,1254600
23150,49.162567138671875,38,1265854,315.55649343000005,14630,0.0001,96.48,-72.47589874267578,1255853
23160,46.10453414916992,38,1266883,323.97279569,14658,0.0001,98.29,-68.74322509765625,1256882
23170,50.58467102050781,38,1267909,325.97843434,14684,0.0001,99.04,-75.0908203125,1257908
23180,50.37861633300781,38,1268843,323.5331322,14708,0.0001,98.36,-72.55138397216797,1258842
23190,46.69064712524414,38,1269808,321.3568666,14732,0.0001,98.09,-72.53429412841797,1259807
23200,48.63311004638672,38,1270865,329.68725569000003,14759,0.0001,100.77,-74.01018524169922,1260864
23210,55.378379821777344,38,1271970,336.66994375999997,14786,0.0001,101.97,-73.70085144042969,1261969
23220,43.12976837158203,38,1272916,336.50451405,14810,0.0001,101.81,-72.96697998046875,1262915
23230,40.07188415527344,38,1273876,336.8007068300001,14834,0.0001,102.05,-77.7691879272461,1263875
23240,40.26488494873047,38,1274803,337.53114993,14858,0.0001,102.02,-75.261474609375,1264802
23250,45.962303161621094,38,1275804,327.29394307999996,14883,0.0001,99.5,-75.1291275024414,1265803
23260,50.51813888549805,38,1276690,323.35248816999996,14906,0.0001,98.07,-72.7680892944336,1266689
23270,46.555328369140625,38,1277783,325.4347408,14933,0.0001,98.74,-74.83565521240234,1267782
23280,41.630577087402344,38,1278751,327.82605258,14958,0.0001,99.08,-75.28010559082031,1268750
23290,61.47028350830078,38,1279707,328.8451678099999,14982,0.0001,98.99,-78.64395904541016,1269706
23300,47.53334045410156,38,1280613,323.59190436,15004,0.0001,97.48,-76.5805435180664,1270612
23310,43.85868835449219,38,1281701,321.2268259,15032,0.0001,97.31,-62.99420166015625,1271700
23320,48.9736213684082,38,1282629,319.35106857999995,15055,0.0001,97.13,-78.22895812988281,1272628
23330,45.04401397705078,38,1283576,319.93382099,15080,0.0001,97.0,-72.27123260498047,1273575
23340,37.815765380859375,38,1284672,323.86962026000003,15107,0.0001,98.69,-72.6670150756836,1274671
23350,47.08749008178711,38,1285574,320.80747601,15130,0.0001,97.7,-71.7853012084961,1275573
23360,51.54662322998047,38,1286537,322.06053945,15160,0.0001,98.47,-76.57781219482422,1276536
23370,41.13041687011719,38,1287563,320.53475337000003,15184,0.0001,97.8,-79.21665954589844,1277562
23380,48.80609130859375,38,1288627,325.03104597,15208,0.0001,98.76,-66.25345611572266,1278626
23390,56.71466827392578,38,1289611,327.89134417,15231,0.0001,99.04,-73.92987823486328,1279610
23400,51.513771057128906,38,1290509,329.12645192,15251,0.0001,98.96,-72.13603973388672,1280508
23410,38.496788024902344,38,1291509,327.73821227,15274,0.0001,98.08,-73.18327331542969,1281508
23420,43.65386962890625,38,1292513,328.78777969000004,15297,0.0001,98.84,-72.6662826538086,1282512
23430,47.627906799316406,38,1293534,329.44560594,15320,0.0001,99.58,-80.8974838256836,1283533
23440,46.91567611694336,38,1294540,324.21320325,15344,0.0001,98.68,-80.5982894897461,1284539
23450,47.878173828125,38,1295814,339.1339009,15373,0.0001,102.4,-79.83206176757812,1285813
23460,52.63428497314453,38,1296655,335.3898837600001,15392,0.0001,101.18,-73.11933135986328,1286654
23470,49.22264862060547,38,1297771,339.95037455,15420,0.0001,102.08,-76.90019226074219,1287770
23480,41.121124267578125,38,1298788,337.59240071000005,15447,0.0001,101.61,-72.951904296875,1288787
23490,40.979984283447266,38,1299820,338.3205252800001,15475,0.0001,102.09,-68.28623962402344,1289819
23500,47.53218078613281,38,1300655,335.07695548,15494,0.0001,101.46,-74.46188354492188,1290654
23510,60.98277282714844,38,1301645,333.86768763,15517,0.0001,101.36,-77.49358367919922,1291644
23520,48.690155029296875,38,1302532,331.64339648000004,15538,0.0001,100.19,-78.25531005859375,1292531
23530,54.48177719116211,38,1303582,332.22016591,15563,0.0001,100.48,-74.65177917480469,1293581
23540,53.95025634765625,38,1304655,335.9535994400001,15589,0.0001,101.15,-73.94055938720703,1294654
23550,54.22685241699219,38,1305772,328.0091371000001,15619,0.0001,99.58,-81.13898468017578,1295771
23560,54.04327392578125,38,1306878,338.43245391,15645,0.0001,102.23,-79.29013061523438,1296877
23570,40.66262435913086,38,1308055,342.34818509999997,15672,0.0001,102.84,-71.80476379394531,1298054
23580,47.254730224609375,38,1308993,337.05933523000004,15694,0.0001,102.05,-68.32732391357422,1298992
23590,44.71431350708008,38,1309999,334.65242144999996,15718,0.0001,101.79,-73.63740539550781,1299998
23600,53.905784606933594,38,1310886,337.45996768000003,15739,0.0001,102.31,-73.523193359375,1300885
23610,45.65277862548828,38,1311894,338.07797594999994,15762,0.0001,102.49,-74.03532409667969,1301893
23620,51.15253448486328,38,1312957,343.03604226000004,15787,0.0001,104.25,-77.90080261230469,1302956
23630,48.56170654296875,38,1313868,340.4712294099999,15810,0.0001,102.86,-75.8610610961914,1303867
23640,44.046268463134766,38,1315090,348.33350490000004,15838,0.0001,104.35,-77.53263854980469,1305089
23650,58.635841369628906,38,1316254,351.58747124999996,15867,0.0001,104.82,-73.83611297607422,1306253
23660,47.89791488647461,38,1317318,349.56405601,15892,0.0001,104.4,-75.38343048095703,1307317
23670,41.162967681884766,38,1318213,335.9167512199999,15914,0.0001,101.58,-79.42141723632812,1308212
23680,46.865692138671875,38,1319462,348.16582873,15944,0.0001,104.69,-74.69624328613281,1309461
23690,49.59493637084961,38,1320412,345.23853411999994,15966,0.0001,104.13,-79.0648422241211,1310411
23700,41.57436752319336,38,1321346,344.8390388099999,15989,0.0001,104.6,-76.62224578857422,1311345
23710,45.66297912597656,38,1322379,345.55954311999994,16014,0.0001,104.85,-74.08885192871094,1312378
23720,50.176300048828125,38,1323387,345.02801815,16039,0.0001,104.3,-78.103515625,1313386
23730,43.535911560058594,38,1324550,351.93044624000004,16068,0.0001,106.82,-77.42864227294922,1314549
23740,50.0163459777832,38,1325647,345.76348219000005,16098,0.0001,105.57,-83.3184814453125,1315646
23750,53.03547668457031,38,1326790,345.04766505,16124,0.0001,105.36,-69.97676086425781,1316789
23760,49.00092315673828,38,1327822,344.31662325,16148,0.0001,105.04,-78.29107666015625,1317821
23770,58.52306365966797,38,1328878,350.44504946,16173,0.0001,106.65,-77.97992706298828,1318877
23780,47.54519271850586,38,1329740,335.60973821,16193,0.0001,102.78,-80.56889343261719,1319739
23790,46.41858673095703,38,1330714,339.69297176,16216,0.0001,103.02,-74.96246337890625,1320713
23800,49.47693634033203,38,1331914,350.95004221999994,16244,0.0001,105.68,-76.83547973632812,1321913
23810,56.254127502441406,38,1333010,354.70276034,16270,0.0001,106.31,-71.57691192626953,1323009
23820,45.181243896484375,38,1333964,354.26236850999993,16291,0.0001,105.77,-79.55933380126953,1323963
23830,53.287288665771484,38,1335196,357.60279472,16320,0.0001,106.46,-78.79351806640625,1325195
23840,41.543617248535156,38,1336383,361.11029437999997,16348,0.0001,107.36,-72.86796569824219,1326382
23850,49.22623062133789,38,1337484,360.77981502,16373,0.0001,106.94,-82.96915435791016,1327483
23860,45.96855163574219,38,1338672,367.97128718000005,16401,0.0001,108.5,-77.64451599121094,1328671
23870,59.47219467163086,38,1339873,375.38177084999995,16429,0.0001,109.95,-72.19027709960938,1329872
23880,52.90504837036133,38,1341129,388.9018637,16458,0.0001,113.89,-78.90403747558594,1331128
23890,63.12977981567383,38,1342271,394.94033841,16485,0.0001,115.57,-79.81376647949219,1332270
23900,48.75957489013672,38,1343222,386.2488684400001,16508,0.0001,113.08,-81.67416381835938,1333221
23910,48.26316833496094,38,1344585,396.85499501999993,16539,0.0001,115.75,-72.38824462890625,1334584
23920,45.57880401611328,38,1345798,404.74379019,16568,0.0001,118.34,-80.44489288330078,1335797
23930,51.751380920410156,38,1346932,403.1650404500001,16595,0.0001,117.36,-78.83729553222656,1336931
23940,67.76142883300781,38,1348005,399.71821216000006,16620,0.0001,116.22,-75.51438903808594,1338004
23950,51.310020446777344,38,1349049,397.03302817,16649,0.0001,115.65,-79.97246551513672,1339048
23960,54.19007873535156,38,1350098,391.2262266,16678,0.0001,114.26,-77.77202606201172,1340097
23970,47.43926239013672,38,1351303,390.16994429999994,16706,0.0001,114.3,-78.53726959228516,1341302
23980,43.93756866455078,38,1352439,387.64104276,16735,0.0001,113.1,-72.99163818359375,1342438
23990,59.797298431396484,38,1353570,385.97486826000016,16764,0.0001,112.99,-81.96795654296875,1343569
24000,54.8939323425293,38,1354487,385.24019025999996,16785,0.0001,112.65,-76.2785415649414,1344486
24010,50.96588897705078,38,1355561,372.3861650799999,16810,0.0001,109.76,-77.04537963867188,1345560
24020,47.15522003173828,38,1356684,369.07349841,16837,0.0001,108.86,-75.02144622802734,1346683
24030,55.80475616455078,38,1357749,364.8183035799999,16864,0.0001,108.17,-73.89435577392578,1347748
24040,49.52727127075195,38,1358738,360.87122826,16888,0.0001,107.33,-75.74715423583984,1348737
24050,45.8778190612793,38,1359824,363.33142378,16914,0.0001,107.75,-76.33474731445312,1349823
24060,51.375125885009766,38,1360887,362.75221064,16941,0.0001,107.89,-76.15836334228516,1350886
24070,49.349727630615234,38,1361854,353.7780384700001,16965,0.0001,105.51,-79.74246978759766,1351853
24080,53.15633773803711,38,1362996,354.1735564700001,16993,0.0001,105.57,-75.57821655273438,1352995
24090,55.791542053222656,38,1364170,356.51437207,17023,0.0001,106.0,-71.34422302246094,1354169
24100,57.706748962402344,38,1365110,356.63686879,17045,0.0001,106.23,-76.177978515625,1355109
24110,40.61744689941406,38,1366178,358.07619988,17066,0.0001,106.17,-75.70875549316406,1356177
24120,47.726539611816406,38,1367042,349.15689227999997,17083,0.0001,103.58,-82.87487030029297,1357041
24130,44.98998260498047,38,1368201,352.44458496,17111,0.0001,104.52,-77.96222686767578,1358200
